Position,Company,City,State,Major,Year,College
Intern Architect,Woods Bagot,Fountain Hills,Arizona,mang,2011-2012,College of Business
Architectural Designer,"Gensler | Architecture, Design & Planning Worldwide",San Francisco,California,mang,2011-2012,College of Business
Intern Architect,HDR Remodeling,Berkeley,California,mang,2011-2012,College of Business
Interior Design Specialist,WOW! Furniture,Denver,Colorado,acct,2011-2012,College of Business
Intern Architect,Woods Bagot,Fountain Hills,Arizona,architecture,2011-2012,College of Design
Architectural Designer,"Gensler | Architecture, Design & Planning Worldwide",San Francisco,California,architecture,2011-2012,College of Design
Intern Architect,HDR Remodeling,Berkeley,California,architecture,2011-2012,College of Design
Interior Design Specialist,WOW! Furniture,Denver,Colorado,architecture,2011-2012,College of Design
Intern Architect,Quisenberry Arcari Architects LLC,Farmington,Connecticut,architecture,2011-2012,College of Design
Architectural Intern,DLR Group,Chicago,Illinois,architecture,2011-2012,College of Design
Architectural Designer,Merletto Inc.,Aurora,Illinois,architecture,2011-2012,College of Design
Intern Architect,Williams Design Build,St. Charles,Illinois,architecture,2011-2012,College of Design
Intern Architect,Akar Architecture + Design,Iowa City,Iowa,architecture,2011-2012,College of Design
Intern Architect,Bergland + Cram,Mason City,Iowa,architecture,2011-2012,College of Design
Internship,"BLDD Architects, Inc.",Davenport,Iowa,architecture,2011-2012,College of Design
entry level architect,Connelly Tiehen and Sons,Sioux City,Iowa,architecture,2011-2012,College of Design
Intern Architect,FEH Associates,Des Moines,Iowa,architecture,2011-2012,College of Design
Architectural Intern,Heery International,Iowa City,Iowa,architecture,2011-2012,College of Design
Intern Architect,"Heery International, Inc.",Iowa City,Iowa,architecture,2011-2012,College of Design
Intern Architect,INVISION Architecture,Waterloo,Iowa,architecture,2011-2012,College of Design
Intern Architect,INVISION Architecture,Waterloo,Iowa,architecture,2011-2012,College of Design
Project Planning Specialist I,Iowa State University Department of Residence,Ames,Iowa,architecture,2011-2012,College of Design
Intern Architect,JCorp,Huxley,Iowa,architecture,2011-2012,College of Design
Intern Architect,Neumann Monson Architects,Iowa City,Iowa,architecture,2011-2012,College of Design
Intern Architect,Neumann Monson PC,Des Moines,Iowa,architecture,2011-2012,College of Design
Unknown,Neumann Monson PC,Iowa City,Iowa,architecture,2011-2012,College of Design
Intern Architect,OPN Architects,Des Moines,Iowa,architecture,2011-2012,College of Design
Intern Architect,OPN Architects,Des Moines,Iowa,architecture,2011-2012,College of Design
Intern Architect,OPN Architects,Cedar Rapids,Iowa,architecture,2011-2012,College of Design
Intern Architect,OPN Architects,Cedar Rapids,Iowa,architecture,2011-2012,College of Design
Intern Architect,OPN Architects,Cedar Rapids,Iowa,architecture,2011-2012,College of Design
Intern Architect,Rohrbach Associates PC,Iowa City,Iowa,architecture,2011-2012,College of Design
architect intern,SB&A Architecture,Ames,Iowa,architecture,2011-2012,College of Design
Intern Architect,Shiffler Associates,Urbandale,Iowa,architecture,2011-2012,College of Design
Intern Architect,StruXture Architects,Waterloo,Iowa,architecture,2011-2012,College of Design
ABWK Americorps VISTA,AmeriCorps National Service,Willmar,Minnesota,architecture,2011-2012,College of Design
Unknown,Anning Johnson,Stillwater,Minnesota,architecture,2011-2012,College of Design
Intern Architect,"BKV Group, Inc.",Minneapolis,Minnesota,architecture,2011-2012,College of Design
Intern Architect,Charles Levin Architects,Minneapolis,Minnesota,architecture,2011-2012,College of Design
Architectural Intern,CMA,Minneapolis,Minnesota,architecture,2011-2012,College of Design
Project Assistant,Kraus-Anderson,Rochester,Minnesota,architecture,2011-2012,College of Design
Intern Architect,Miller Dunwiddie Architects,Minneapolis,Minnesota,architecture,2011-2012,College of Design
Designer,Parts and Labor,Minneapolis,Minnesota,architecture,2011-2012,College of Design
Unknown,Widseth Smith Nolting,Bemidji,Minnesota,architecture,2011-2012,College of Design
Architectural Designer,AECOM,Kansas City,Missouri,architecture,2011-2012,College of Design
Web Designer,Self-employed,Kansas City,Missouri,architecture,2011-2012,College of Design
Marketing and Communications Intern,1100 Architect,New York City,New York,architecture,2011-2012,College of Design
Intern,Asymptote Architecture,New York City,New York,architecture,2011-2012,College of Design
Architectural Designer,Lacina Heilter Architects,New York City,New York,architecture,2011-2012,College of Design
Designer,Rice+Lipka Architects,New York City,New York,architecture,2011-2012,College of Design
Intern Architect,weiss manfredi,New York City,New York,architecture,2011-2012,College of Design
Architect,Little Diversified Architectural Consulting,Charlotte,North Carolina,architecture,2011-2012,College of Design
Intern Architect,BHDP Architecture,Cincinnati,Ohio,architecture,2011-2012,College of Design
Intern Architect,Indovina Associates Architects LLC,Pittsburgh,Pennsylvania,architecture,2011-2012,College of Design
Intern Architect,MCF Architects,Pittsburgh,Pennsylvania,architecture,2011-2012,College of Design
Intern Architect,Interior Design Associated,Nashville,Tennessee,architecture,2011-2012,College of Design
Architectural Technician,HOK,Houston,Texas,architecture,2011-2012,College of Design
Unknown,Community Rebuilds,Moab,Utah,architecture,2011-2012,College of Design
Intern Architect,Integrus Architecture,Seattle,Washington,architecture,2011-2012,College of Design
Architectural Intern,DLR Group,Seattle,Wisconsin,architecture,2011-2012,College of Design
Real Estate Broker,Coldwell Banker Advantage,Des Moines,Iowa,ART & DESIGN,2011-2012,College of Design
Reporter,Corridor Business Journal,Coralville,Iowa,ART & DESIGN,2011-2012,College of Design
Graphic Designer,Global Reach Internet Productions,Ames,Iowa,ART & DESIGN,2011-2012,College of Design
Administrative Assistant,INVISION Architecture,Waterloo,Iowa,ART & DESIGN,2011-2012,College of Design
Web Developer/Designer,Iowa State University,Ames,Iowa,ART & DESIGN,2011-2012,College of Design
Graphic Design,Jolesch Photography,Des Moines,Iowa,ART & DESIGN,2011-2012,College of Design
Freelance Graphic Designer,Self Employed,Des Moines,Iowa,ART & DESIGN,2011-2012,College of Design
Graphic Design Intern,Toy Box,Indianola,Iowa,ART & DESIGN,2011-2012,College of Design
Cash Claims,Wells Fargo,Ames,Iowa,ART & DESIGN,2011-2012,College of Design
Claims Specialist,Wells Fargo Home Mortgage,Des Moines,Iowa,ART & DESIGN,2011-2012,College of Design
Middle School Science Teacher,Teach For America,Cincinnati,Ohio,ART & DESIGN,2011-2012,College of Design
Project Engineer,Scott + Reid General Contractors,Dallas,Texas,ART & DESIGN,2011-2012,College of Design
Designer,Hatch Design,San Francisco,California,GRAPHIC DESIGN,2011-2012,College of Design
Web Designer,"Lulutrip, Inc.",San Francisco,California,GRAPHIC DESIGN,2011-2012,College of Design
Interaction Designer,Yahoo!,Sunnyvale,California,GRAPHIC DESIGN,2011-2012,College of Design
Graphic Designer,Walt Disney World Co.,Orlando,Florida,GRAPHIC DESIGN,2011-2012,College of Design
Junior Art Director,Celtic Chicago,Chicago,Illinois,GRAPHIC DESIGN,2011-2012,College of Design
Graphic Designer,Dino Publishing,Mokena,Illinois,GRAPHIC DESIGN,2011-2012,College of Design
Lead Designer,Nehlsen Communications,Moline,Illinois,GRAPHIC DESIGN,2011-2012,College of Design
Self Employed,Rule No. One,Chicago,Illinois,GRAPHIC DESIGN,2011-2012,College of Design
Partner,Rule No. One,Chicago,Illinois,GRAPHIC DESIGN,2011-2012,College of Design
Junior Graphic Designer,Zeller Marketing and Design,East Dundee,Illinois,GRAPHIC DESIGN,2011-2012,College of Design
Unknown,American Color Imaging,Cedar Falls,Iowa,GRAPHIC DESIGN,2011-2012,College of Design
Graphic Designer,Bimm Ridder Sportswear,Cedar Rapids,Iowa,GRAPHIC DESIGN,2011-2012,College of Design
Graphic Designer,ControlPrint Creative,Mason City,Iowa,GRAPHIC DESIGN,2011-2012,College of Design
Senior Graphic Designer,"Cycle Force Group, Inc.",Ames,Iowa,GRAPHIC DESIGN,2011-2012,College of Design
Graphic Design Intern,"Dee Zee, Inc.",Des Moines,Iowa,GRAPHIC DESIGN,2011-2012,College of Design
Graphic Designer,Fuel Inc.,Hiawatha,Iowa,GRAPHIC DESIGN,2011-2012,College of Design
Editorial Design Editor,Gazette Communications,Cedar Rapids,Iowa,GRAPHIC DESIGN,2011-2012,College of Design
Graphic Designer,Global Spectrum / Iowa Events Center,Des Moines,Iowa,GRAPHIC DESIGN,2011-2012,College of Design
Web Project Editor,Great River Technologies,Dubuque,Iowa,GRAPHIC DESIGN,2011-2012,College of Design
Graphic Designer,INVISION Architecture,Des Moines,Iowa,GRAPHIC DESIGN,2011-2012,College of Design
Graphic Designer,Iowa State University,Ames,Iowa,GRAPHIC DESIGN,2011-2012,College of Design
Marketing and Design Assistant,ISU Research Park,Ames,Iowa,GRAPHIC DESIGN,2011-2012,College of Design
Design & Web Assistant,Lowe's Creative Ideas through the Meredith Group,Des Moines,Iowa,GRAPHIC DESIGN,2011-2012,College of Design
Designer,Meredith Corporation,Des Moines,Iowa,GRAPHIC DESIGN,2011-2012,College of Design
Unknown,Meredith Corporation,Des Moines,Iowa,GRAPHIC DESIGN,2011-2012,College of Design
Graphic Designer,"Meyocks Group, The",Des Moines,Iowa,GRAPHIC DESIGN,2011-2012,College of Design
Unknown,Professional Computer Systems,Denison,Iowa,GRAPHIC DESIGN,2011-2012,College of Design
Digital Designer,Quad-City Times,Davenport,Iowa,GRAPHIC DESIGN,2011-2012,College of Design
Graphic Designer,RuffaloCODY,Cedar Rapids,Iowa,GRAPHIC DESIGN,2011-2012,College of Design
Owner*,Self-employed,Sioux City,Iowa,GRAPHIC DESIGN,2011-2012,College of Design
Web/Graphic Designer,Spindustry Digital,Ames,Iowa,GRAPHIC DESIGN,2011-2012,College of Design
Senior Designer,Sundog Studios,Des Moines,Iowa,GRAPHIC DESIGN,2011-2012,College of Design
CCO and co-founder,"TOPP, LLC",Iowa City,Iowa,GRAPHIC DESIGN,2011-2012,College of Design
Designer,Trilix Marketing Group,Johnston,Iowa,GRAPHIC DESIGN,2011-2012,College of Design
"Co–Owner, 3d Modeler and Animator","Venteura, Inc.",Ames,Iowa,GRAPHIC DESIGN,2011-2012,College of Design
Head Graphic Designer,Wartburg College,Waverly,Iowa,GRAPHIC DESIGN,2011-2012,College of Design
User Experience Intern,WebFilings,Ames,Iowa,GRAPHIC DESIGN,2011-2012,College of Design
Graphic Designer,WebFilings,Ames,Iowa,GRAPHIC DESIGN,2011-2012,College of Design
Junior Art Director,ZLR Ignition,Des Moines,Iowa,GRAPHIC DESIGN,2011-2012,College of Design
Communications/Graphics Coordinator,AANEM,Rochester,Minnesota,GRAPHIC DESIGN,2011-2012,College of Design
Junior Designer,Cue Design,Minneapolis,Minnesota,GRAPHIC DESIGN,2011-2012,College of Design
Digital Designer,Digitaria,Minneapolis,Minnesota,GRAPHIC DESIGN,2011-2012,College of Design
Graphic Designer,Greer & Associates,Minneapolis,Minnesota,GRAPHIC DESIGN,2011-2012,College of Design
Graphic Design Intern,Minnesota Vikings,Minneapolis,Minnesota,GRAPHIC DESIGN,2011-2012,College of Design
Designer,Pocket Hercules,Minneapolis,Minnesota,GRAPHIC DESIGN,2011-2012,College of Design
Motion Designer,Revo Brand Group,Minneapolis,Minnesota,GRAPHIC DESIGN,2011-2012,College of Design
Graphic Designer,Sofia's Cookies,Deephaven,Minnesota,GRAPHIC DESIGN,2011-2012,College of Design
associate interactive designer,Bailey Lauerman,Lincoln,Nebraska,GRAPHIC DESIGN,2011-2012,College of Design
Graphic Designer,Oxide,Omaha,Nebraska,GRAPHIC DESIGN,2011-2012,College of Design
Art Director,SKAR Advertising,Omaha,Nebraska,GRAPHIC DESIGN,2011-2012,College of Design
Web Graphic Designer,University of Nebraska,Lincoln,Nebraska,GRAPHIC DESIGN,2011-2012,College of Design
Graphic Designer,The Cosmopolitan,Las Vegas,Nevada,GRAPHIC DESIGN,2011-2012,College of Design
Graphic Designer,Morehead Planetarium and Science Center,Chapel Hill,North Carolina,GRAPHIC DESIGN,2011-2012,College of Design
Unknown,Mathys+Potestio,Portland,Oregon,GRAPHIC DESIGN,2011-2012,College of Design
Faculty*,East Stroudsburg University of Pennsylvania,East Stroudsburg,Pennsylvania,GRAPHIC DESIGN,2011-2012,College of Design
Designer,Fuzzco,Charleston,South Carolina,GRAPHIC DESIGN,2011-2012,College of Design
Unknown,Focus OneSource,Unknown,Unknown,GRAPHIC DESIGN,2011-2012,College of Design
Graphic Designer*,M60 Visual Communications Design,Unknown,Unknown,GRAPHIC DESIGN,2011-2012,College of Design
Freelance designer,Self employed,Unknown,Unknown,GRAPHIC DESIGN,2011-2012,College of Design
Graphic Designer,Catalyst Marketing,Seattle,Washington,GRAPHIC DESIGN,2011-2012,College of Design
Creative Intern,HY Connect,Milwaukee,Wisconsin,GRAPHIC DESIGN,2011-2012,College of Design
Interior Designer,Jeff Katz Architecture,San Diego,California,INTERIOR DESIGN,2011-2012,College of Design
Technical Production Designer,Parron Hall,San Diego,California,INTERIOR DESIGN,2011-2012,College of Design
Designer,Green With Envy Interior Design,Denver,Colorado,INTERIOR DESIGN,2011-2012,College of Design
Interior Designer,James Michael Howard,Jacksonville,Florida,INTERIOR DESIGN,2011-2012,College of Design
Unknown,Anderson Mikos Architects,Oakbrook Terrace,Illinois,INTERIOR DESIGN,2011-2012,College of Design
Interior Design Intern,Gettys,Chicago,Illinois,INTERIOR DESIGN,2011-2012,College of Design
Interior Designer,Benjamin Design Collaborative,Ames,Iowa,INTERIOR DESIGN,2011-2012,College of Design
Project Coordinator,Bluestone Project Management & Engineering,Johnston,Iowa,INTERIOR DESIGN,2011-2012,College of Design
Interior Designer,Cannon Moss Brygger Architects,Sioux City,Iowa,INTERIOR DESIGN,2011-2012,College of Design
Interior Deign Associate,Curtis Architecture & Design,Ottumwa,Iowa,INTERIOR DESIGN,2011-2012,College of Design
Youth Administrative Assistant,First Efree Church,Ames,Iowa,INTERIOR DESIGN,2011-2012,College of Design
Upholstery/Leather Specialist*,Homemakers,Urbandale,Iowa,INTERIOR DESIGN,2011-2012,College of Design
Interior Designer,Koch Brothers,Des Moines,Iowa,INTERIOR DESIGN,2011-2012,College of Design
Interior Designer,OPN Architects,Des Moines,Iowa,INTERIOR DESIGN,2011-2012,College of Design
Interior Designer*,OPN Architects,Des Moines,Iowa,INTERIOR DESIGN,2011-2012,College of Design
Unknown,Phelan's Interiors,Cedar Rapids,Iowa,INTERIOR DESIGN,2011-2012,College of Design
"Interior Designer, Sales Associate",Redeker's Furniture,Boone,Iowa,INTERIOR DESIGN,2011-2012,College of Design
Loan Processor,Wells Fargo Home Mortgage,Des Moines,Iowa,INTERIOR DESIGN,2011-2012,College of Design
Design Assistant,BDH & Young,Edina,Minnesota,INTERIOR DESIGN,2011-2012,College of Design
Project Specialist,CMA,Minneapolis,Minnesota,INTERIOR DESIGN,2011-2012,College of Design
Designer,General Office Products,St. Louis Park,Minnesota,INTERIOR DESIGN,2011-2012,College of Design
Interior Designer,HGA Architects & Engineers,Minneapolis,Minnesota,INTERIOR DESIGN,2011-2012,College of Design
Interior Designer,Mohagen Hansen Architectural Group,Wayzata,Minnesota,INTERIOR DESIGN,2011-2012,College of Design
Interior Design Associate,Gould Evans Affiliates,Kansas City,Missouri,INTERIOR DESIGN,2011-2012,College of Design
Design Assistant,La-Z-Boy Furniture Galleries,Bridgeton,Missouri,INTERIOR DESIGN,2011-2012,College of Design
Design Consultant*,Limited Brands,New York,New York,INTERIOR DESIGN,2011-2012,College of Design
Interior Design Technician,HOK,Houston,Texas,INTERIOR DESIGN,2011-2012,College of Design
Unknown,Elements of Design,Unknown,Unknown,INTERIOR DESIGN,2011-2012,College of Design
iOS Developer,"Net Industries, Motion Ink Studios",Los Angeles,California,INTEGRATED STUDIO ARTS,2011-2012,College of Design
Motion Design,Pivot Design,Chicago,Illinois,INTEGRATED STUDIO ARTS,2011-2012,College of Design
Unknown,Blick Art Materials,Iowa City,Iowa,INTEGRATED STUDIO ARTS,2011-2012,College of Design
Photo Retoucher / Photographer/ IT Consultant,Caleb Jamin Photography,Des Moines,Iowa,INTEGRATED STUDIO ARTS,2011-2012,College of Design
Unknown,Creative Coldsnow Artist Supplies,Des Moines,Iowa,INTEGRATED STUDIO ARTS,2011-2012,College of Design
Guide,Fort Des Moines Museum,Des Moines,Iowa,INTEGRATED STUDIO ARTS,2011-2012,College of Design
Unknown,Hobby Lobby,Johnston,Iowa,INTEGRATED STUDIO ARTS,2011-2012,College of Design
Unknown,Iowa State University,Ames,Iowa,INTEGRATED STUDIO ARTS,2011-2012,College of Design
3D Artist,Iowa State University,Ames,Iowa,INTEGRATED STUDIO ARTS,2011-2012,College of Design
Lecturer*,Iowa State University,Ames,Iowa,INTEGRATED STUDIO ARTS,2011-2012,College of Design
Rozevink,Josephs Jewelers,Ames,Iowa,INTEGRATED STUDIO ARTS,2011-2012,College of Design
Owner,Peter Kasper Woodworks,Tiffin,Iowa,INTEGRATED STUDIO ARTS,2011-2012,College of Design
Client Transaction Specialist,Principal Financial Group,Des Moines,Iowa,INTEGRATED STUDIO ARTS,2011-2012,College of Design
Photography Instructor,The Workspace,Ames,Iowa,INTEGRATED STUDIO ARTS,2011-2012,College of Design
Bilingual Health Guide,Blue Cross Blue Shield,MInneapolis,Minnesota,INTEGRATED STUDIO ARTS,2011-2012,College of Design
Unknown,The Logo Stop,Albertville,Minnesota,INTEGRATED STUDIO ARTS,2011-2012,College of Design
Staff Landscape Designer,Melendrez,Los Angeles,California,LANDSCAPE ARCHITECTURE,2011-2012,College of Design
Crew,Brooks Landscape,Fort Collins,Colorado,LANDSCAPE ARCHITECTURE,2011-2012,College of Design
Park Technician,City of Greeley,Greeley,Colorado,LANDSCAPE ARCHITECTURE,2011-2012,College of Design
Entry Level Architect,DHM Design,Denver,Colorado,LANDSCAPE ARCHITECTURE,2011-2012,College of Design
Design Staff,EDSA,Ft Lauderdale,Florida,LANDSCAPE ARCHITECTURE,2011-2012,College of Design
Design Staff Member,"Raymond Jungles, Inc.",Miami,Florida,LANDSCAPE ARCHITECTURE,2011-2012,College of Design
Unknown,Mariani Landscape,Lake Bluff,Illinois,LANDSCAPE ARCHITECTURE,2011-2012,College of Design
Landscape Architecture Associate,Pamela Self Landscape Architecture,Hawthorne Woods,Illinois,LANDSCAPE ARCHITECTURE,2011-2012,College of Design
Owner,BGB Exteriors,Des Moines,Iowa,LANDSCAPE ARCHITECTURE,2011-2012,College of Design
Landscape Designer,Bob Lenc Landscaping and Lawncare,Des Moines,Iowa,LANDSCAPE ARCHITECTURE,2011-2012,College of Design
360 Architecture,Kansas City,Missouri,Intern Architect,Architecture,2010-2011,College of Design
"Advanced Technologies Group, Inc.",Chicago,Illinois,Project Associate/CAD Technician*,Architecture,2010-2011,College of Design
"Ainsworth-Benning Construction, Inc.",Rapid City,South Dakota,Client Marketing*,Architecture,2010-2011,College of Design
AmeriCorps National Service,Des Moines,Iowa,Construction Associate,Architecture,2010-2011,College of Design
Berners-Schober,Green Bay,Wisconsin,Architectural Intern*,Architecture,2010-2011,College of Design
BNIM Architects,Kansas City,Missouri,Architectural Graduate,Architecture,2010-2011,College of Design
BNIM Architects,Des Moines,Iowa,Architectural Graduate,Architecture,2010-2011,College of Design
Curtis Architecture,Ottumwa,Iowa,Intern Architect,Architecture,2010-2011,College of Design
Evans Heintges Architects,New York,New York,Intern Architect,Architecture,2010-2011,College of Design
Gere/Dismer Architects,Rock Island,Illinois,Intern Architect,Architecture,2010-2011,College of Design
GGLO,Seattle,Washington,Intern Architect/Interior designer*,Architecture,2010-2011,College of Design
GreenbergFarrow,Arlington Heights,Illinois,Intern Architect,Architecture,2010-2011,College of Design
GreenbergFarrow,Arlington Heights,Illinois,Intern Architect,Architecture,2010-2011,College of Design
GreenbergFarrow,Arlington Heights,Illinois,Intern Architect,Architecture,2010-2011,College of Design
IBI Group,Toronto,"Ontario, Canada",Intern Architect,Architecture,2010-2011,College of Design
"IIW Engineering & Surveyors, P.C.",Dubuque,Iowa,Architectural Intern I,Architecture,2010-2011,College of Design
InSite Architects,Minneapolis,Minnesota,Intern Architect,Architecture,2010-2011,College of Design
INVISION Architecture,Des Moines,Iowa,Intern Architect,Architecture,2010-2011,College of Design
Iowa State University College of Design,Ames,Iowa,Postdoc Research Associate*,Architecture,2010-2011,College of Design
Jillin University Zhuhai College,Zhuhai," Guangdong, China",Instructor*,Architecture,2010-2011,College of Design
Kaufman Construction,Cumming,Iowa,Office Manager ,Architecture,2010-2011,College of Design
Kiewit Corporation,Lenexa,Kanas,Assistant Architect,Architecture,2010-2011,College of Design
"Laugerman Architects, Inc.",Des Moines,Iowa,Intern Architect,Architecture,2010-2011,College of Design
Levi Architecture,Cedar Falls,Iowa,Intern Architect*,Architecture,2010-2011,College of Design
M. A. Mortenson,Lincoln,Nebraska,Integrated Construction Coordinator | Sports Group,Architecture,2010-2011,College of Design
M. A. Mortenson,Lincoln,Nebraska,Integrated Construction Coordinator,Architecture,2010-2011,College of Design
MG Design Group,Long Beach,New York,Intern / Junior Architect*,Architecture,2010-2011,College of Design
Neumann Monson Architects,Iowa City,Iowa,Intern Architect,Architecture,2010-2011,College of Design
Neumann Monson Architects,Iowa City,Iowa,Intern Architect,Architecture,2010-2011,College of Design
Neumann Monson Architects,Iowa City,Iowa,Intern Architect,Architecture,2010-2011,College of Design
OPN Architects,Cedar Rapids,Iowa,Intern Architect,Architecture,2010-2011,College of Design
OPN Architects,Des Moines,Iowa,Intern Architect,Architecture,2010-2011,College of Design
Pepper Construction,Chicago,Illinois,Virtual Construction Coordinator,Architecture,2010-2011,College of Design
Pope Architects,St. Paul,Minnesota,Intern Architect,Architecture,2010-2011,College of Design
PowerFilm,Des Moines,Iowa,Marketing Specialist*,Architecture,2010-2011,College of Design
"Roseland, Mackey, Harris Architects, PC",Ames,Iowa,Architectural Intern,Architecture,2010-2011,College of Design
Rothschild + Doyno Architects,Pittsburg,Pennsylvania,Architect Staff I,Architecture,2010-2011,College of Design
"RSP Architects, Ltd.",Minneapolis,Minnesota,Visualization Specialist*,Architecture,2010-2011,College of Design
Shive-Hattery ,West Des Moines,Iowa,Intern Architect,Architecture,2010-2011,College of Design
Smith and Wood Construction,Iowa City,Iowa,Carpenter and Drafter,Architecture,2010-2011,College of Design
StruXture Architects,Waterloo,Iowa,Intern Architect,Architecture,2010-2011,College of Design
StudioCOEN,Des Moines,Iowa,Graduate Architect*,Architecture,2010-2011,College of Design
Substance Architecture,Des Moines,Iowa,Intern Architect,Architecture,2010-2011,College of Design
Sundberg Design,Cedar Rapids,Iowa,Intern Architect,Architecture,2010-2011,College of Design
Van De Walle Associates,Sioux Falls,South Dakota,Architectural Intern*,Architecture,2010-2011,College of Design
Vanman Architects and Builders,Golden Valley,Minnesota,Intern Architect,Architecture,2010-2011,College of Design
Viraline,New York,New York,Architect*,Architecture,2010-2011,College of Design
Widseth Smith Nolting,Baxter,Minnesota,Designer*,Architecture,2010-2011,College of Design
Wold Architects and Engineers,Eden Prairie,Minnesota,Architectural Intern*,Architecture,2010-2011,College of Design
Wuhan University,Wuhan,"Hubei, China",Instructor*,Architecture,2010-2011,College of Design
Zervas Group Architects,Bellingham,Washington,Intern Architect,Architecture,2010-2011,College of Design
Ames Christian School,Ames,Iowa,Administrative Assistant,Art & Design ,2010-2011,College of Design
Creative Marketing Concepts,Aventura,Florida,Account Manager & Social Media Specialist,Art & Design ,2010-2011,College of Design
Iowa State University,Ames,Iowa,Food Service Coordinator II,Art & Design ,2010-2011,College of Design
Lands' End,Dodgeville,Wisconsin,Assistant Designer,Art & Design ,2010-2011,College of Design
AmeriCorps National Service,Cedar Falls,Iowa,not available,Art & Design ,2010-2011,College of Design
City of Ames,Ames,Iowa,Rental Housing Inspector,Art & Design ,2010-2011,College of Design
Haverkamp Properties,Ames,Iowa,Leasing Agent,Art & Design ,2010-2011,College of Design
Iowa Department of Natural Resources,Iowa City,Iowa,GIS Technician,Art & Design ,2010-2011,College of Design
Iowa State University,Ames,Iowa,Groundskeeper,Art & Design ,2010-2011,College of Design
Lutheran Services in Iowa,Des Moines,Iowa,Youth Associate ,Art & Design ,2010-2011,College of Design
McCormack Distributing,Le Mars,Iowa,not available,Art & Design ,2010-2011,College of Design
Meredith Corporation,Des Moines,Iowa,Photography Assistant,Art & Design ,2010-2011,College of Design
Nationwide Insurance,Des Moines,Iowa,Monoline Agent,Art & Design ,2010-2011,College of Design
Northwestern Memorial Foundation,Chicago,Illinois,Administrative Professional,Art & Design ,2010-2011,College of Design
Progressive Community Services,St Joseph,Missouri,Operations Administrative Assistant,Art & Design ,2010-2011,College of Design
Thermomass,Boone,Iowa,Marketing Coordinator,Art & Design ,2010-2011,College of Design
Entegee,Dubuque,Iowa,Design Engineer,Art & Design ,2010-2011,College of Design
S.O.TERIK,Los Angeles,California,Merchandiser,Art & Design ,2010-2011,College of Design
Arctic Glacier,Des Moines,Iowa,Production Associate,Community & Regional Planning,2010-2011,College of Design
Bath & Body Works / Workspace,Ames,Iowa,Manager / Instructor*,Community & Regional Planning,2010-2011,College of Design
Eau Claire Academy,Eau Claire,Wisconsin,Resident Treatment Worker,Community & Regional Planning,2010-2011,College of Design
Emerald City Jewelers,Quincy,Illinois,Digital Design Specialist,Community & Regional Planning,2010-2011,College of Design
La Ti Da Photography,Des Moines,Iowa,Owner / Photographer,Community & Regional Planning,2010-2011,College of Design
New York Life Insurance Company,West Des Moines,Iowa,Agent,Community & Regional Planning,2010-2011,College of Design
Not available,Sioux Falls,South Dakota,"Ceramic Artist, artist in residence ",Community & Regional Planning,2010-2011,College of Design
Not available,Los Angeles,California,"Working, painting, showing ",Community & Regional Planning,2010-2011,College of Design
Octagon Gallery Shop,Ames,Iowa,Shop Assistant,Community & Regional Planning,2010-2011,College of Design
Metropolitan Area Planning Agency,Omaha,Nebraska,Assistant Planner*,Community & Regional Planning,2010-2011,College of Design
Miller and Associates,Kearney,Nebraska,Community Planner,Community & Regional Planning,2010-2011,College of Design
Peace Corps,,Nicaragua,Sustainable Agriculture Volunteer,Community & Regional Planning,2010-2011,College of Design
Target Distribution,Minneapolis,Minnesota,Assets Protection,Community & Regional Planning,2010-2011,College of Design
Three Rivers Regional Commission,Des Moines,Iowa,GIS Planner,Community & Regional Planning,2010-2011,College of Design
Union Pacific Railroad,Omaha,Nebraska,Engineering Associate*,Community & Regional Planning,2010-2011,College of Design
Village of Campton Hills,Village of Campton Hills,Illinois,Planner,Community & Regional Planning,2010-2011,College of Design
Widseth Smith Nolting,Baxter,Minnesota,Designer*,Community & Regional Planning,2010-2011,College of Design
American Association of Neuromuscular & Electrodiagnostic Medicine,Rochester,Minnesota,Communications/Graphics Coordinator,Graphic Design ,2010-2011,College of Design
August Home Publishing,Des Moines,Iowa,Graphic Designer,Graphic Design ,2010-2011,College of Design
Bailey Lauerman,Lincoln,Nebraska,Associate Interactive Designer,Graphic Design ,2010-2011,College of Design
Bench Craft Company,Portland,Oregon,Graphic Designer,Graphic Design ,2010-2011,College of Design
Bethlehem Baptist Church,Minneapolis,Minnesota,Communications Design & Training Coordinator,Graphic Design ,2010-2011,College of Design
Camp David Apparel ,Kansas City,Missouri,Creative Artist,Graphic Design ,2010-2011,College of Design
Disney Cruise Line,Lake Buena Vista,Florida  (HQ location),Guest Communications Coordinator,Graphic Design ,2010-2011,College of Design
DWebware,Urbandale,Iowa,Web Developer,Graphic Design ,2010-2011,College of Design
E & M Consulting,Chanhassen,Minnesota,Graphic Designer,Graphic Design ,2010-2011,College of Design
Evergreen Packaging,Des Moines,Iowa,Graphic Designer,Graphic Design ,2010-2011,College of Design
Fampus,West Des Moines,Iowa,Graphic Designer,Graphic Design ,2010-2011,College of Design
Gannett,Des Moines,Iowa,Graphic Artist I,Graphic Design ,2010-2011,College of Design
Gannett,Des Moines,Iowa,Digital Media Designer,Graphic Design ,2010-2011,College of Design
Global Reach Internet Productions,Ames,Iowa,Graphic Designer*,Graphic Design ,2010-2011,College of Design
Grand View University,Des Moines,Iowa,Instructor*,Graphic Design ,2010-2011,College of Design
Grey Dog Media,Urbandale,Iowa,Editorial Assistant,Graphic Design ,2010-2011,College of Design
"Group Benefits, Ltd.",Des Moines,Iowa,Graphic Designer,Graphic Design ,2010-2011,College of Design
"Horizon Hobby, Inc.",Champaign,Illinois,Graphic Designer,Graphic Design ,2010-2011,College of Design
ICS Advanced Technologies,Ames,Iowa,Graphic Designer,Graphic Design ,2010-2011,College of Design
Illuminant Partners,not available,Iowa,Designer,Graphic Design ,2010-2011,College of Design
"Integer Group, The",Des Moines,Iowa,Studio Designer,Graphic Design ,2010-2011,College of Design
"Integer Group, The",Des Moines,Iowa,Studio Designer,Graphic Design ,2010-2011,College of Design
Iowa State University College of Design,Ames,Iowa,Lecturer*,Graphic Design ,2010-2011,College of Design
ipublics,Seoul,South Korea,Editorial Designer,Graphic Design ,2010-2011,College of Design
"Kemin Industries, Inc.",Des Moines,Iowa,Graphic Design Intern*,Graphic Design ,2010-2011,College of Design
"Kuder, Inc.",Adel,Iowa,Marketing & Communications Associate,Graphic Design ,2010-2011,College of Design
Love Scott & Associates,Des Moines,Iowa,Graphic Designer,Graphic Design ,2010-2011,College of Design
Measure,Ames,Iowa,Art Director,Graphic Design ,2010-2011,College of Design
Minnesota Orchestra,Minneapolis,Minnesota,Graphic Designer,Graphic Design ,2010-2011,College of Design
Missouri Southern State University,Joplin,Missouri,Assistant Professor*,Graphic Design ,2010-2011,College of Design
"MoCo, Inc.",Roseville,Minnesota,Graphic Designer,Graphic Design ,2010-2011,College of Design
Murphy / Jahn Architecture,Chicago,Illinois,Manager of Graphic Resources,Graphic Design ,2010-2011,College of Design
North Forty,Hiawatha,Iowa,Art Director,Graphic Design ,2010-2011,College of Design
not available,,New York,Freelance Designer*,Graphic Design ,2010-2011,College of Design
not available,St. Louis,Missouri,Self Employed*,Graphic Design ,2010-2011,College of Design
"On-Purpos, Inc.",Des Moines,Iowa,Graphic Designer,Graphic Design ,2010-2011,College of Design
Quality Attributes,Ames,Iowa,Graphic Design,Graphic Design ,2010-2011,College of Design
RAM Racing,Deerfield,Illinois,Junior Graphic Designer,Graphic Design ,2010-2011,College of Design
Real Integrated,Rochester,Michigan,Junior Designer,Graphic Design ,2010-2011,College of Design
Saltech Systems,Ames,Iowa,Graphic Designer,Graphic Design ,2010-2011,College of Design
South Dakota State University,Brookings,South Dakota,Graphic/Web Design Instructor*,Graphic Design ,2010-2011,College of Design
Story Worldwide,New York,New York,Associate Art Director,Graphic Design ,2010-2011,College of Design
Strategic America,Des Moines,Iowa,Multimedia Designer,Graphic Design ,2010-2011,College of Design
T8 Webware,Cedar Falls,Iowa,Web Designer*,Graphic Design ,2010-2011,College of Design
Target Headquarters,Minneapolis,Minnesota,Creative Production Designer,Graphic Design ,2010-2011,College of Design
Target Headquarters,Minneapolis,Minnesota,Contract Graphic Designer,Graphic Design ,2010-2011,College of Design
TDIC,Abu Dhabi,UAE,Graphic Designer,Graphic Design ,2010-2011,College of Design
The Integer Group,Des Moines,Iowa,Digital Imaging Artist,Graphic Design ,2010-2011,College of Design
Vermeer Corporation,Pella,Iowa,Graphic Designer,Graphic Design ,2010-2011,College of Design
VinSolutions,Overland Park,Kansas,Graphic Designer,Graphic Design ,2010-2011,College of Design
WBBM Channel 2,Chicago,Illinois,Graphic Designer,Graphic Design ,2010-2011,College of Design
"WDG Communications, Inc.",Cedar Rapids,Iowa,Designer,Graphic Design ,2010-2011,College of Design
Wolverine World Wide,Rockford,Michigan,R & D Specialist*,Graphic Design ,2010-2011,College of Design
Yellowbook,Cedar Rapids,Iowa,Studio Artist,Graphic Design ,2010-2011,College of Design
Ziha Christy Health,Witchita,Kansas,Graphic Designer,Graphic Design ,2010-2011,College of Design
ZLRignition,Des Moines,Iowa,Junior Art Director,Graphic Design ,2010-2011,College of Design
Pilot Rock Custom Sign Shop,Cherokee,Iowa,Assistant Designer/Installer,Graphic Design ,2010-2011,College of Design
Self Employed,Ames,Iowa,Freelance ,Integrated Studio Arts,2010-2011,College of Design
Self Employed,Walnut Creek,California,Freelance Assistant Photo Stylist,Integrated Studio Arts,2010-2011,College of Design
State Farm Insurance,Ames,Iowa,not available,Integrated Studio Arts,2010-2011,College of Design
The Goldsmith,Aledo,Illinois,not available,Integrated Studio Arts,2010-2011,College of Design
Wells Fargo Home Mortgage,Des Moines,Iowa,Loan Document 3 Processor,Integrated Studio Arts,2010-2011,College of Design
Youth and Shelter Services,Ames,Iowa,Kids Club Site Supervisor,Integrated Studio Arts,2010-2011,College of Design
Alfred's Carpet and Decorating,Ames,Iowa,Interior Desginer,Interior Design,2010-2011,College of Design
All Makes Office Equipment,Omaha,Nebraska,Interior Designer,Interior Design,2010-2011,College of Design
BDH & Young Space Design,Edina,Minnesota,not available,Interior Design,2010-2011,College of Design
Cannon Moss Brygger Architects,Lincoln,Nebraska,Interior Designer,Interior Design,2010-2011,College of Design
Corporate Decor and More,West Des Moines,Iowa,Design Assistant,Interior Design,2010-2011,College of Design
Elizabeth Erin Designs,Grimes,Iowa,not available,Interior Design,2010-2011,College of Design
HOM Furniture,Sioux City,Iowa,Sales/Design Consultant,Interior Design,2010-2011,College of Design
Homemakers,Urbandale,Iowa,Upholstery & Leather Sales,Interior Design,2010-2011,College of Design
Inson Dubois Wood,New York,New York,Interior Designer,Interior Design,2010-2011,College of Design
Interior Planning and Design Inc.,Naperville,Illinois,Interior Designer,Interior Design,2010-2011,College of Design
Lauer Enterprises / Que Sera,Edina,Minnesota,Interior Designer,Interior Design,2010-2011,College of Design
Paragon Commercial Interiors,Davenport,Iowa,Interior Designer,Interior Design,2010-2011,College of Design
"Pigott, Inc",Des Moines,Iowa,Interior Designer,Interior Design,2010-2011,College of Design
"Pigott, Inc",Cedar Rapids,Iowa,High Education Interiors Consultant,Interior Design,2010-2011,College of Design
"Saxton, Inc",Des Moines,Iowa,Interior Design Consultant,Interior Design,2010-2011,College of Design
Schneider National,Green Bay,Wisconsin,Facility Designer,Interior Design,2010-2011,College of Design
Schrimmer Design Group,New York,New York,Interior Designer,Interior Design,2010-2011,College of Design
Senior Lifestyle Design,Roseville,Minnesota,not available,Interior Design,2010-2011,College of Design
Smart Associate,Minneapolis,Minnesota,Interior Designer,Interior Design,2010-2011,College of Design
South Dakota State University,Brookings,South Dakota,Instructor*,Interior Design,2010-2011,College of Design
Southbay Design Center,San Jose,California,Associate,Interior Design,2010-2011,College of Design
Spectrum Lighting & Interiors,Des Moines,Iowa,Interior Designer,Interior Design,2010-2011,College of Design
The AR-Jay Center,Cedar Rapids,Iowa,Lighting Design Consultant,Interior Design,2010-2011,College of Design
THW Design,Atlanta,Georgia,Interior Design Associate,Interior Design,2010-2011,College of Design
University of Georgia,Athens,Georgia,"Lecturer, Furnishings & Interiors*",Interior Design,2010-2011,College of Design
Vivid Interior,Minneapolis,Minnesota,Interior Design Intern,Interior Design,2010-2011,College of Design
Wells Fargo Home Mortgage,West Des Moines,Iowa,Loan Servicing Specialist,Interior Design,2010-2011,College of Design
All American Turf Beauty,Van Meter,Iowa,Landscape Construction Manager,Landscape Architecture,2010-2011,College of Design
ASLA-MN,Minneapolis,Minnesota,Director of Events,Landscape Architecture,2010-2011,College of Design
Bemis Center for Contemporary Arts,Omaha,Nebraska,Exhibition Assistant,Landscape Architecture,2010-2011,College of Design
"City of Omaha Parks, Recreation and Public Property Department",Omaha,Nebraska,not available,Landscape Architecture,2010-2011,College of Design
Denver Botanic Gardens,Denver,Colorado,not available,Landscape Architecture,2010-2011,College of Design
ECHO River Trips,Grants Pass,Oregon,Guide,Landscape Architecture,2010-2011,College of Design
Evangelical Catholic Institute,Madison,Wisconsin,Campus Ministry Intern,Landscape Architecture,2010-2011,College of Design
Garland Alliance,Milwaukee,Wisconsin,Landscape Architect Assistant,Landscape Architecture,2010-2011,College of Design
Gill Design Inc. Golf Course Architects,St. Paul,Minnesota,Freelance work,Landscape Architecture,2010-2011,College of Design
Greg's Lawn & Landscaping,Cedar Rapids,Iowa,not available,Landscape Architecture,2010-2011,College of Design
Grissim Metz Andriese,Northville,Michigan,not available,Landscape Architecture,2010-2011,College of Design
Habitar Design,Chicago,Illinois,Landscape Architect,Landscape Architecture,2010-2011,College of Design
"Hy-Vee Inc., Engineering Dept.",West Des Moines,Iowa,Associate Landscape Architect,Landscape Architecture,2010-2011,College of Design
Iowa State University,Ames,Iowa,Program Coordinator*,Landscape Architecture,2010-2011,College of Design
"Kimley-Horn and Associates, Inc.",Reston,Virginia,Landscape Analyst,Landscape Architecture,2010-2011,College of Design
Michael Van Valkenburgh Associates,Boston,Massachusetts,Landscape Architect,Landscape Architecture,2010-2011,College of Design
Parker Rodriguez Inc.,Alexandria,Virginia,Jr. Landscape Architect ,Landscape Architecture,2010-2011,College of Design
Parker Rodriguez Inc.,Alexandria,Virginia,Landscape Designer,Landscape Architecture,2010-2011,College of Design
"Raymond Jungles, Inc.",Miami,Florida,Design Intern,Landscape Architecture,2010-2011,College of Design
"Savanna Design & Construction, LLC",Des Moines ,Iowa,Owner,Landscape Architecture,2010-2011,College of Design
